{"cameraMode":{"drawMode":0,"name":"Shaded","section":"Shading Mode"},"sceneLighting":true,"audioPlay":false,"sceneViewState":{"m_AlwaysRefresh":false,"showFog":true,"showSkybox":true,"showFlares":true,"showImageEffects":true,"showParticleSystems":true,"showVisualEffectGraphs":true,"m_FxEnabled":true},"in2DMode":false,"pivot":{"x":0.4313077926635742,"y":2.324449300765991,"z":0.005097389221191406},"rotation":{"x":-0.08688445389270783,"y":0.012248879298567772,"z":-0.0010712743969634176,"w":-0.9961500763893127},"size":5.6062164306640629,"orthographic":true}