{"cameraMode":{"drawMode":0,"name":"Shaded","section":"Shading Mode"},"sceneLighting":true,"audioPlay":false,"sceneViewState":{"m_AlwaysRefresh":false,"showFog":true,"showSkybox":true,"showFlares":true,"showImageEffects":true,"showParticleSystems":true,"showVisualEffectGraphs":true,"m_FxEnabled":true},"in2DMode":false,"pivot":{"x":3.627922773361206,"y":1.7268056869506837,"z":0.15466971695423127},"rotation":{"x":0.008998788893222809,"y":0.015600676648318768,"z":-0.00014040902897249907,"w":0.99983811378479},"size":2.248234510421753,"orthographic":true}