{"cameraMode":{"drawMode":0,"name":"Shaded","section":"Shading Mode"},"sceneLighting":true,"audioPlay":false,"sceneViewState":{"m_AlwaysRefresh":false,"showFog":true,"showSkybox":true,"showFlares":true,"showImageEffects":true,"showParticleSystems":true,"showVisualEffectGraphs":true,"m_FxEnabled":true},"in2DMode":false,"pivot":{"x":1.5592952966690064,"y":0.7312945127487183,"z":-0.13604293763637544},"rotation":{"x":0.12100888043642044,"y":-0.05595361441373825,"z":0.006832308601588011,"w":0.9910517930984497},"size":3.108898639678955,"orthographic":true}