{"cameraMode":{"drawMode":0,"name":"Shaded","section":"Shading Mode"},"sceneLighting":true,"audioPlay":false,"sceneViewState":{"m_AlwaysRefresh":false,"showFog":true,"showSkybox":true,"showFlares":true,"showImageEffects":true,"showParticleSystems":true,"showVisualEffectGraphs":true,"m_FxEnabled":true},"in2DMode":false,"pivot":{"x":0.5199095606803894,"y":1.494632601737976,"z":0.33693408966064455},"rotation":{"x":0.15538425743579865,"y":-0.2646656632423401,"z":0.04325494170188904,"w":0.9507567286491394},"size":2.953193426132202,"orthographic":true}