{"cameraMode":{"drawMode":0,"name":"Shaded","section":"Shading Mode"},"sceneLighting":true,"audioPlay":false,"sceneViewState":{"m_AlwaysRefresh":false,"showFog":true,"showSkybox":true,"showFlares":true,"showImageEffects":true,"showParticleSystems":true,"showVisualEffectGraphs":true,"m_FxEnabled":true},"in2DMode":false,"pivot":{"x":1.3768975734710694,"y":3.60087251663208,"z":0.030274391174316407},"rotation":{"x":0.2311922162771225,"y":-0.07434254139661789,"z":0.0177207849919796,"w":0.969901442527771},"size":5.6062164306640629,"orthographic":true}