{"cameraMode":{"drawMode":0,"name":"Shaded","section":"Shading Mode"},"sceneLighting":true,"audioPlay":false,"sceneViewState":{"m_AlwaysRefresh":false,"showFog":true,"showSkybox":true,"showFlares":true,"showImageEffects":true,"showParticleSystems":true,"showVisualEffectGraphs":true,"m_FxEnabled":true},"in2DMode":false,"pivot":{"x":3.5467586517333986,"y":1.5938045978546143,"z":-0.292724609375},"rotation":{"x":0.10927995294332504,"y":0.005964189767837524,"z":-0.0006544869393110275,"w":0.9939982891082764},"size":5.211403846740723,"orthographic":true}