{"cameraMode":{"drawMode":0,"name":"Shaded","section":"Shading Mode"},"sceneLighting":true,"audioPlay":false,"sceneViewState":{"m_AlwaysRefresh":false,"showFog":true,"showSkybox":true,"showFlares":true,"showImageEffects":true,"showParticleSystems":true,"showVisualEffectGraphs":true,"m_FxEnabled":true},"in2DMode":false,"pivot":{"x":0.4313077926635742,"y":2.324449300765991,"z":0.005097389221191406},"rotation":{"x":-0.04797740653157234,"y":0.013779456727206707,"z":-0.0006642452790401876,"w":-0.998761773109436},"size":5.6062164306640629,"orthographic":true}