{"cameraMode":{"drawMode":0,"name":"Shaded","section":"Shading Mode"},"sceneLighting":true,"audioPlay":false,"sceneViewState":{"m_AlwaysRefresh":false,"showFog":true,"showSkybox":true,"showFlares":true,"showImageEffects":true,"showParticleSystems":true,"showVisualEffectGraphs":true,"m_FxEnabled":true},"in2DMode":false,"pivot":{"x":-0.4726877212524414,"y":1.36617112159729,"z":-0.08448588848114014},"rotation":{"x":0.14930714666843415,"y":-0.04151621833443642,"z":0.006275900173932314,"w":0.9879045486450195},"size":3.7341952323913576,"orthographic":true}