{"cameraMode":{"drawMode":0,"name":"Shaded","section":"Shading Mode"},"sceneLighting":false,"audioPlay":false,"sceneViewState":{"m_AlwaysRefresh":false,"showFog":true,"showSkybox":false,"showFlares":true,"showImageEffects":true,"showParticleSystems":true,"showVisualEffectGraphs":true,"m_FxEnabled":true},"in2DMode":false,"pivot":{"x":-0.8824357986450195,"y":1.4460034370422364,"z":0.03172492980957031},"rotation":{"x":-0.14232490956783296,"y":0.0005907390732318163,"z":-0.00008499503746861592,"w":-0.9898204803466797},"size":11.190484046936036,"orthographic":false}