{"cameraMode":{"drawMode":0,"name":"Shaded","section":"Shading Mode"},"sceneLighting":false,"audioPlay":false,"sceneViewState":{"m_AlwaysRefresh":false,"showFog":false,"showSkybox":false,"showFlares":false,"showImageEffects":false,"showParticleSystems":false,"showVisualEffectGraphs":true,"m_FxEnabled":true},"in2DMode":false,"pivot":{"x":-0.008841365575790406,"y":0.7729054689407349,"z":0.05760964751243591},"rotation":{"x":0.18562377989292146,"y":-0.08977102488279343,"z":0.017032135277986528,"w":0.978364884853363},"size":1.011332631111145,"orthographic":true}