{"cameraMode":{"drawMode":0,"name":"Shaded","section":"Shading Mode"},"sceneLighting":false,"audioPlay":false,"sceneViewState":{"m_AlwaysRefresh":false,"showFog":true,"showSkybox":false,"showFlares":true,"showImageEffects":true,"showParticleSystems":true,"showVisualEffectGraphs":true,"m_FxEnabled":true},"in2DMode":false,"pivot":{"x":-0.05530208349227905,"y":0.8663994073867798,"z":-0.00614476203918457},"rotation":{"x":0.1399833709001541,"y":0.16698063910007478,"z":-0.023957889527082444,"w":0.9756826162338257},"size":1.7985093593597413,"orthographic":true}